-- phpMyAdmin SQL Dump
-- version 4.2.11
-- http://www.phpmyadmin.net
--
-- Host: 127.0.0.1
-- Generation Time: Jan 24, 2015 at 09:57 PM
-- Server version: 5.6.21
-- PHP Version: 5.6.3

SET SQL_MODE = "NO_AUTO_VALUE_ON_ZERO";
SET time_zone = "+00:00";


/*!40101 SET @OLD_CHARACTER_SET_CLIENT=@@CHARACTER_SET_CLIENT */;
/*!40101 SET @OLD_CHARACTER_SET_RESULTS=@@CHARACTER_SET_RESULTS */;
/*!40101 SET @OLD_COLLATION_CONNECTION=@@COLLATION_CONNECTION */;
/*!40101 SET NAMES utf8 */;

--
-- Database: `mybank`
--
DROP DATABASE `mybank`;
CREATE DATABASE IF NOT EXISTS `mybank` DEFAULT CHARACTER SET latin1 COLLATE latin1_swedish_ci;
USE `mybank`;

-- --------------------------------------------------------

--
-- Table structure for table `accounts`
--

DROP TABLE IF EXISTS `accounts`;
CREATE TABLE IF NOT EXISTS `accounts` (
`id` int(11) NOT NULL,
  `user_id` int(11) NOT NULL,
  `account_number` varchar(10) NOT NULL,
  `next_tan` int(11) NOT NULL,
  `balance` double NOT NULL,
  `available_funds` double NOT NULL,
  `pin` int(11) NOT NULL
) ENGINE=InnoDB AUTO_INCREMENT=34 DEFAULT CHARSET=latin1;

--
-- Dumping data for table `accounts`
--

INSERT INTO `accounts` (`id`, `user_id`, `account_number`, `next_tan`, `balance`, `available_funds`, `pin`) VALUES
(29, 44, '7364602243', 8, 68000, 68000, 0),
(30, 45, '0820935683', 77, 50000, 50000, 0),
(31, 46, '1856487118', 68, 55000, 43000, 0),
(32, 49, '4547132027', 1, 92989, 77989, 0),
(33, 44, '7325468404', 22, 4011, 2674, 0);

-- --------------------------------------------------------

--
-- Table structure for table `trans_codes`
--

DROP TABLE IF EXISTS `trans_codes`;
CREATE TABLE IF NOT EXISTS `trans_codes` (
`id` int(11) NOT NULL,
  `account_id` int(11) NOT NULL,
  `code_number` int(11) NOT NULL,
  `code` varchar(15) NOT NULL,
  `is_used` bit(1) NOT NULL DEFAULT b'0'
) ENGINE=InnoDB AUTO_INCREMENT=3001 DEFAULT CHARSET=latin1;

--
-- Dumping data for table `trans_codes`
--

INSERT INTO `trans_codes` (`id`, `account_id`, `code_number`, `code`, `is_used`) VALUES
(2601, 29, 0, '531868223275511', b'0'),
(2602, 29, 1, '047502508841346', b'0'),
(2603, 29, 2, '449468760307950', b'0'),
(2604, 29, 3, '642385901311150', b'0'),
(2605, 29, 4, '573840813415337', b'0'),
(2606, 29, 5, '145266284545927', b'1'),
(2607, 29, 6, '403812750054791', b'0'),
(2608, 29, 7, '585920208470235', b'0'),
(2609, 29, 8, '626339205539065', b'0'),
(2610, 29, 9, '537016685446394', b'0'),
(2611, 29, 10, '000285403841376', b'0'),
(2612, 29, 11, '599123005053262', b'0'),
(2613, 29, 12, '656697592479458', b'0'),
(2614, 29, 13, '408315874573168', b'0'),
(2615, 29, 14, '714863751807541', b'0'),
(2616, 29, 15, '521042974168761', b'0'),
(2617, 29, 16, '267922274181308', b'0'),
(2618, 29, 17, '111393584500958', b'1'),
(2619, 29, 18, '147817426737928', b'0'),
(2620, 29, 19, '725748315616631', b'0'),
(2621, 29, 20, '116506970687847', b'0'),
(2622, 29, 21, '350061873306977', b'0'),
(2623, 29, 22, '394327543419351', b'0'),
(2624, 29, 23, '046730450456138', b'0'),
(2625, 29, 24, '591290843615287', b'0'),
(2626, 29, 25, '397556499156763', b'0'),
(2627, 29, 26, '090727581679271', b'0'),
(2628, 29, 27, '218035252289539', b'0'),
(2629, 29, 28, '880505915822043', b'0'),
(2630, 29, 29, '951639877597503', b'0'),
(2631, 29, 30, '127676799922734', b'0'),
(2632, 29, 31, '195369435460574', b'0'),
(2633, 29, 32, '808359508660856', b'0'),
(2634, 29, 33, '690180876647975', b'0'),
(2635, 29, 34, '502850277482893', b'0'),
(2636, 29, 35, '725368431596870', b'0'),
(2637, 29, 36, '405635318630436', b'1'),
(2638, 29, 37, '064837495792587', b'0'),
(2639, 29, 38, '793459290587113', b'0'),
(2640, 29, 39, '315048509549537', b'0'),
(2641, 29, 40, '386871383981097', b'0'),
(2642, 29, 41, '613226570479183', b'0'),
(2643, 29, 42, '450394865728439', b'0'),
(2644, 29, 43, '256772327859090', b'0'),
(2645, 29, 44, '128696071431540', b'0'),
(2646, 29, 45, '181362542528163', b'0'),
(2647, 29, 46, '057288729396076', b'0'),
(2648, 29, 47, '337656203993346', b'0'),
(2649, 29, 48, '832431973385537', b'0'),
(2650, 29, 49, '714893123191892', b'0'),
(2651, 29, 50, '518096397135941', b'0'),
(2652, 29, 51, '574919904771776', b'0'),
(2653, 29, 52, '868867549159006', b'0'),
(2654, 29, 53, '875968605102346', b'0'),
(2655, 29, 54, '544253237394557', b'0'),
(2656, 29, 55, '867560965868465', b'0'),
(2657, 29, 56, '376834157431857', b'0'),
(2658, 29, 57, '880453985192242', b'0'),
(2659, 29, 58, '271495425326483', b'0'),
(2660, 29, 59, '924783801722112', b'0'),
(2661, 29, 60, '292013193641735', b'0'),
(2662, 29, 61, '652098004608189', b'0'),
(2663, 29, 62, '799727585325693', b'0'),
(2664, 29, 63, '204131174047001', b'0'),
(2665, 29, 64, '415590846058734', b'0'),
(2666, 29, 65, '781903484209190', b'0'),
(2667, 29, 66, '810307358601843', b'0'),
(2668, 29, 67, '513131322642784', b'0'),
(2669, 29, 68, '966114359642823', b'0'),
(2670, 29, 69, '443216345737827', b'0'),
(2671, 29, 70, '255908126860323', b'0'),
(2672, 29, 71, '529624826820620', b'0'),
(2673, 29, 72, '621203917840577', b'0'),
(2674, 29, 73, '579483507840583', b'0'),
(2675, 29, 74, '236800016704937', b'0'),
(2676, 29, 75, '134006173245396', b'0'),
(2677, 29, 76, '674531038758271', b'0'),
(2678, 29, 77, '465837259079963', b'0'),
(2679, 29, 78, '845178615370475', b'0'),
(2680, 29, 79, '053988774481332', b'0'),
(2681, 29, 80, '593378275767346', b'0'),
(2682, 29, 81, '857963383315072', b'0'),
(2683, 29, 82, '578991996403027', b'0'),
(2684, 29, 83, '372449029294128', b'0'),
(2685, 29, 84, '148664097656869', b'0'),
(2686, 29, 85, '665163358173145', b'0'),
(2687, 29, 86, '146874061483655', b'0'),
(2688, 29, 87, '156101372396696', b'0'),
(2689, 29, 88, '878164459002395', b'0'),
(2690, 29, 89, '215411087473662', b'0'),
(2691, 29, 90, '749800320082256', b'0'),
(2692, 29, 91, '932809405174292', b'0'),
(2693, 29, 92, '757002749026510', b'0'),
(2694, 29, 93, '790744591531760', b'0'),
(2695, 29, 94, '656485584414360', b'0'),
(2696, 29, 95, '779740850107743', b'0'),
(2697, 29, 96, '270382385496518', b'0'),
(2698, 29, 97, '138626129120985', b'0'),
(2699, 29, 98, '099741325351301', b'0'),
(2700, 29, 99, '051505585729542', b'0'),
(2701, 31, 0, '081675786394187', b'0'),
(2702, 31, 1, '024678618499245', b'0'),
(2703, 31, 2, '973778984286760', b'0'),
(2704, 31, 3, '648177850792315', b'0'),
(2705, 31, 4, '221387161997322', b'0'),
(2706, 31, 5, '437224406436478', b'0'),
(2707, 31, 6, '420219324512091', b'0'),
(2708, 31, 7, '346744650789502', b'0'),
(2709, 31, 8, '108746782293690', b'0'),
(2710, 31, 9, '509061743405875', b'0'),
(2711, 31, 10, '423774785896423', b'0'),
(2712, 31, 11, '576166838610762', b'0'),
(2713, 31, 12, '614775592604401', b'0'),
(2714, 31, 13, '444818206493872', b'0'),
(2715, 31, 14, '511384471836920', b'0'),
(2716, 31, 15, '656656106857140', b'0'),
(2717, 31, 16, '480342943694235', b'0'),
(2718, 31, 17, '034915797029472', b'0'),
(2719, 31, 18, '704640165472195', b'0'),
(2720, 31, 19, '658741174051445', b'0'),
(2721, 31, 20, '280002577604320', b'0'),
(2722, 31, 21, '346288092395139', b'0'),
(2723, 31, 22, '494848011778825', b'0'),
(2724, 31, 23, '834560629747380', b'1'),
(2725, 31, 24, '292466209554306', b'0'),
(2726, 31, 25, '315135949272369', b'1'),
(2727, 31, 26, '427625502691534', b'0'),
(2728, 31, 27, '091195417299954', b'0'),
(2729, 31, 28, '998032453791181', b'0'),
(2730, 31, 29, '271383805849883', b'0'),
(2731, 31, 30, '693533701140846', b'0'),
(2732, 31, 31, '224749913474516', b'0'),
(2733, 31, 32, '537061140730184', b'0'),
(2734, 31, 33, '474233713676388', b'0'),
(2735, 31, 34, '860324079479138', b'0'),
(2736, 31, 35, '018068614579686', b'0'),
(2737, 31, 36, '957228288824449', b'0'),
(2738, 31, 37, '127924390116427', b'0'),
(2739, 31, 38, '088157375695354', b'0'),
(2740, 31, 39, '551695690031895', b'0'),
(2741, 31, 40, '894021024149022', b'0'),
(2742, 31, 41, '827648473574156', b'0'),
(2743, 31, 42, '120529552826460', b'0'),
(2744, 31, 43, '884407551899551', b'0'),
(2745, 31, 44, '590752262550192', b'0'),
(2746, 31, 45, '269640805588297', b'0'),
(2747, 31, 46, '616744404792770', b'0'),
(2748, 31, 47, '191488835329878', b'0'),
(2749, 31, 48, '596772475718541', b'0'),
(2750, 31, 49, '999027330167887', b'0'),
(2751, 31, 50, '172747552697331', b'0'),
(2752, 31, 51, '835121768079010', b'0'),
(2753, 31, 52, '628514936999737', b'0'),
(2754, 31, 53, '873651120904037', b'0'),
(2755, 31, 54, '024381802309355', b'0'),
(2756, 31, 55, '282444464687526', b'0'),
(2757, 31, 56, '364719108892879', b'0'),
(2758, 31, 57, '489746263216391', b'0'),
(2759, 31, 58, '641110046039861', b'0'),
(2760, 31, 59, '660600751253609', b'0'),
(2761, 31, 60, '876191507981636', b'0'),
(2762, 31, 61, '966951674193763', b'0'),
(2763, 31, 62, '441699712359841', b'0'),
(2764, 31, 63, '482552599451830', b'0'),
(2765, 31, 64, '128503728683227', b'0'),
(2766, 31, 65, '477592729397234', b'0'),
(2767, 31, 66, '750307993389136', b'0'),
(2768, 31, 67, '856325749339237', b'0'),
(2769, 31, 68, '148777125878744', b'0'),
(2770, 31, 69, '399276961157089', b'0'),
(2771, 31, 70, '425391268822088', b'0'),
(2772, 31, 71, '838007280859156', b'0'),
(2773, 31, 72, '579948784018395', b'0'),
(2774, 31, 73, '986199460059583', b'0'),
(2775, 31, 74, '102349297124190', b'0'),
(2776, 31, 75, '100874019072155', b'0'),
(2777, 31, 76, '095726702697333', b'0'),
(2778, 31, 77, '353094932107983', b'0'),
(2779, 31, 78, '074265796465892', b'0'),
(2780, 31, 79, '997674245583339', b'0'),
(2781, 31, 80, '183057995521765', b'0'),
(2782, 31, 81, '231024205426883', b'0'),
(2783, 31, 82, '057717177420501', b'0'),
(2784, 31, 83, '275033608994639', b'0'),
(2785, 31, 84, '361514794244812', b'0'),
(2786, 31, 85, '162143573485766', b'0'),
(2787, 31, 86, '753143525119167', b'0'),
(2788, 31, 87, '067433838648205', b'0'),
(2789, 31, 88, '226187368199822', b'0'),
(2790, 31, 89, '980297512796602', b'0'),
(2791, 31, 90, '397128623228030', b'0'),
(2792, 31, 91, '979145624845706', b'0'),
(2793, 31, 92, '998897515455323', b'0'),
(2794, 31, 93, '756641206453451', b'0'),
(2795, 31, 94, '916670445978252', b'0'),
(2796, 31, 95, '566074486382012', b'0'),
(2797, 31, 96, '599375371680514', b'0'),
(2798, 31, 97, '963656427858226', b'0'),
(2799, 31, 98, '080023470496434', b'0'),
(2800, 31, 99, '775765744462684', b'0'),
(2801, 32, 0, '441474783988601', b'0'),
(2802, 32, 1, '273095665038215', b'0'),
(2803, 32, 2, '704050424694827', b'1'),
(2804, 32, 3, '165842343507556', b'0'),
(2805, 32, 4, '974301046717012', b'0'),
(2806, 32, 5, '076265264334789', b'0'),
(2807, 32, 6, '415611928840114', b'0'),
(2808, 32, 7, '742195337618093', b'0'),
(2809, 32, 8, '242639683604866', b'0'),
(2810, 32, 9, '791222991763830', b'0'),
(2811, 32, 10, '913578322404027', b'0'),
(2812, 32, 11, '212523633057775', b'0'),
(2813, 32, 12, '321334576271743', b'0'),
(2814, 32, 13, '950980718547928', b'0'),
(2815, 32, 14, '098053247800874', b'0'),
(2816, 32, 15, '921452251076817', b'0'),
(2817, 32, 16, '493203765908650', b'0'),
(2818, 32, 17, '753098487259544', b'0'),
(2819, 32, 18, '484650971495110', b'0'),
(2820, 32, 19, '249857974119243', b'0'),
(2821, 32, 20, '901719606406741', b'0'),
(2822, 32, 21, '435122644397824', b'0'),
(2823, 32, 22, '170054665034885', b'0'),
(2824, 32, 23, '371299832379056', b'0'),
(2825, 32, 24, '415930143916174', b'0'),
(2826, 32, 25, '310101750992027', b'0'),
(2827, 32, 26, '975647475482579', b'0'),
(2828, 32, 27, '556343597135118', b'0'),
(2829, 32, 28, '489150449822240', b'0'),
(2830, 32, 29, '577330454091693', b'0'),
(2831, 32, 30, '590736573202480', b'0'),
(2832, 32, 31, '162228524746194', b'0'),
(2833, 32, 32, '129014662600285', b'0'),
(2834, 32, 33, '255201039497392', b'1'),
(2835, 32, 34, '407247174771060', b'0'),
(2836, 32, 35, '863375190701678', b'0'),
(2837, 32, 36, '725425310620945', b'0'),
(2838, 32, 37, '263711132597615', b'0'),
(2839, 32, 38, '032744625611948', b'0'),
(2840, 32, 39, '508878013101675', b'0'),
(2841, 32, 40, '032580902158306', b'0'),
(2842, 32, 41, '225339786056543', b'0'),
(2843, 32, 42, '556865541918325', b'0'),
(2844, 32, 43, '216733014164301', b'0'),
(2845, 32, 44, '981079485135451', b'0'),
(2846, 32, 45, '503060052641516', b'0'),
(2847, 32, 46, '852178824488370', b'0'),
(2848, 32, 47, '455205956979766', b'0'),
(2849, 32, 48, '566876361769897', b'0'),
(2850, 32, 49, '515153907277839', b'0'),
(2851, 32, 50, '188990445650306', b'0'),
(2852, 32, 51, '466534630345414', b'0'),
(2853, 32, 52, '816174605606866', b'0'),
(2854, 32, 53, '928141585550871', b'0'),
(2855, 32, 54, '173957720601676', b'0'),
(2856, 32, 55, '146277020496816', b'0'),
(2857, 32, 56, '396090394671206', b'1'),
(2858, 32, 57, '459811884167872', b'0'),
(2859, 32, 58, '903944036052708', b'0'),
(2860, 32, 59, '847920093803169', b'0'),
(2861, 32, 60, '649641505360968', b'0'),
(2862, 32, 61, '126397777952579', b'1'),
(2863, 32, 62, '980789571243291', b'0'),
(2864, 32, 63, '553773059379864', b'0'),
(2865, 32, 64, '947734754975942', b'1'),
(2866, 32, 65, '724689391483888', b'0'),
(2867, 32, 66, '591880467274569', b'0'),
(2868, 32, 67, '854137196520836', b'0'),
(2869, 32, 68, '386039011090611', b'0'),
(2870, 32, 69, '911862052819497', b'0'),
(2871, 32, 70, '210915721650991', b'0'),
(2872, 32, 71, '362235490001882', b'0'),
(2873, 32, 72, '852043001656456', b'0'),
(2874, 32, 73, '928836555812208', b'0'),
(2875, 32, 74, '614315218039280', b'0'),
(2876, 32, 75, '453210980772058', b'0'),
(2877, 32, 76, '018959875796227', b'1'),
(2878, 32, 77, '158538476716149', b'0'),
(2879, 32, 78, '488627277468517', b'0'),
(2880, 32, 79, '563688231444725', b'0'),
(2881, 32, 80, '065100344371393', b'0'),
(2882, 32, 81, '391126174857183', b'0'),
(2883, 32, 82, '813900184960722', b'0'),
(2884, 32, 83, '015200264980167', b'0'),
(2885, 32, 84, '798969507320491', b'0'),
(2886, 32, 85, '367231294824183', b'0'),
(2887, 32, 86, '185616910888747', b'0'),
(2888, 32, 87, '838477105555311', b'0'),
(2889, 32, 88, '208848018404304', b'0'),
(2890, 32, 89, '376596307670107', b'0'),
(2891, 32, 90, '744619697304120', b'0'),
(2892, 32, 91, '331974804454211', b'0'),
(2893, 32, 92, '840730785715244', b'0'),
(2894, 32, 93, '906733345326128', b'0'),
(2895, 32, 94, '227416654224383', b'0'),
(2896, 32, 95, '030997225467441', b'0'),
(2897, 32, 96, '642786685076825', b'1'),
(2898, 32, 97, '680831421490533', b'0'),
(2899, 32, 98, '799100738935069', b'0'),
(2900, 32, 99, '705187142575817', b'0'),
(2901, 33, 0, '243898351322158', b'0'),
(2902, 33, 1, '698263150814973', b'0'),
(2903, 33, 2, '433802581402785', b'0'),
(2904, 33, 3, '832765857283652', b'0'),
(2905, 33, 4, '484955787598689', b'0'),
(2906, 33, 5, '179055638921347', b'1'),
(2907, 33, 6, '332475607955099', b'0'),
(2908, 33, 7, '224292267848096', b'0'),
(2909, 33, 8, '549698318987482', b'0'),
(2910, 33, 9, '582498551916687', b'0'),
(2911, 33, 10, '408065246717070', b'0'),
(2912, 33, 11, '625120306439350', b'0'),
(2913, 33, 12, '896366164316917', b'0'),
(2914, 33, 13, '603223760840287', b'0'),
(2915, 33, 14, '061966171681613', b'0'),
(2916, 33, 15, '178289227193221', b'0'),
(2917, 33, 16, '703061859992636', b'0'),
(2918, 33, 17, '215658231564161', b'0'),
(2919, 33, 18, '414577517969433', b'0'),
(2920, 33, 19, '955464091546080', b'0'),
(2921, 33, 20, '058145546537560', b'0'),
(2922, 33, 21, '664050173114723', b'0'),
(2923, 33, 22, '770608618030395', b'0'),
(2924, 33, 23, '496520190507989', b'0'),
(2925, 33, 24, '131236218917763', b'0'),
(2926, 33, 25, '032919551016198', b'1'),
(2927, 33, 26, '002485865535482', b'0'),
(2928, 33, 27, '507734244850024', b'0'),
(2929, 33, 28, '652357644256150', b'0'),
(2930, 33, 29, '136800941957810', b'0'),
(2931, 33, 30, '850907471537097', b'0'),
(2932, 33, 31, '293198416436100', b'0'),
(2933, 33, 32, '899882659022375', b'0'),
(2934, 33, 33, '187618139642928', b'0'),
(2935, 33, 34, '037053768033820', b'0'),
(2936, 33, 35, '729563332469454', b'0'),
(2937, 33, 36, '183566751906162', b'0'),
(2938, 33, 37, '950796069581734', b'0'),
(2939, 33, 38, '045954492407483', b'0'),
(2940, 33, 39, '567521054528008', b'0'),
(2941, 33, 40, '181353770782987', b'0'),
(2942, 33, 41, '231625253635107', b'0'),
(2943, 33, 42, '923239016455311', b'0'),
(2944, 33, 43, '736641474732795', b'0'),
(2945, 33, 44, '243588273979002', b'0'),
(2946, 33, 45, '247063329850729', b'0'),
(2947, 33, 46, '265096486054057', b'0'),
(2948, 33, 47, '140130340445487', b'0'),
(2949, 33, 48, '203577212463815', b'0'),
(2950, 33, 49, '860056379794586', b'0'),
(2951, 33, 50, '058444115570113', b'0'),
(2952, 33, 51, '026837067579642', b'0'),
(2953, 33, 52, '553694732840383', b'0'),
(2954, 33, 53, '676348500675217', b'0'),
(2955, 33, 54, '598663645620082', b'0'),
(2956, 33, 55, '321383453893635', b'0'),
(2957, 33, 56, '082167142760387', b'0'),
(2958, 33, 57, '630975366647246', b'0'),
(2959, 33, 58, '343845106448071', b'0'),
(2960, 33, 59, '280767250115262', b'0'),
(2961, 33, 60, '061892676362027', b'0'),
(2962, 33, 61, '783826225056738', b'0'),
(2963, 33, 62, '698315749368980', b'0'),
(2964, 33, 63, '616604658321401', b'0'),
(2965, 33, 64, '600890373205246', b'0'),
(2966, 33, 65, '791803809975405', b'0'),
(2967, 33, 66, '135704725553448', b'0'),
(2968, 33, 67, '256066101491380', b'0'),
(2969, 33, 68, '530323621608803', b'0'),
(2970, 33, 69, '898520353673838', b'0'),
(2971, 33, 70, '204503688599333', b'0'),
(2972, 33, 71, '144716422267898', b'0'),
(2973, 33, 72, '780578225917244', b'0'),
(2974, 33, 73, '277807044514945', b'0'),
(2975, 33, 74, '527614687769123', b'0'),
(2976, 33, 75, '178592006398141', b'0'),
(2977, 33, 76, '617729688791006', b'0'),
(2978, 33, 77, '007489295247283', b'0'),
(2979, 33, 78, '495476153351079', b'0'),
(2980, 33, 79, '237734739825134', b'0'),
(2981, 33, 80, '595432938788414', b'0'),
(2982, 33, 81, '122664434309890', b'0'),
(2983, 33, 82, '798907967618454', b'0'),
(2984, 33, 83, '032740782409318', b'0'),
(2985, 33, 84, '548664319489992', b'0'),
(2986, 33, 85, '796611885957803', b'0'),
(2987, 33, 86, '025248874606714', b'0'),
(2988, 33, 87, '400543927749090', b'0'),
(2989, 33, 88, '435032589836240', b'0'),
(2990, 33, 89, '168076451031940', b'0'),
(2991, 33, 90, '563513807424643', b'0'),
(2992, 33, 91, '439061327526328', b'0'),
(2993, 33, 92, '515218621179318', b'0'),
(2994, 33, 93, '316575843375444', b'0'),
(2995, 33, 94, '198432025835211', b'0'),
(2996, 33, 95, '824295267863021', b'0'),
(2997, 33, 96, '942146316316372', b'0'),
(2998, 33, 97, '616486776720655', b'0'),
(2999, 33, 98, '111991859716948', b'0'),
(3000, 33, 99, '026357496683760', b'0');

-- --------------------------------------------------------

--
-- Table structure for table `transactions`
--

DROP TABLE IF EXISTS `transactions`;
CREATE TABLE IF NOT EXISTS `transactions` (
`id` int(11) NOT NULL,
  `source` varchar(10) NOT NULL,
  `source_name` varchar(255) NOT NULL,
  `destination` varchar(10) NOT NULL,
  `destination_name` varchar(255) NOT NULL,
  `amount` float NOT NULL,
  `description` varchar(255) NOT NULL,
  `code` varchar(15) NOT NULL,
  `is_approved` bit(1) NOT NULL DEFAULT b'1',
  `date_time` datetime NOT NULL
) ENGINE=InnoDB AUTO_INCREMENT=24 DEFAULT CHARSET=latin1;

--
-- Dumping data for table `transactions`
--

INSERT INTO `transactions` (`id`, `source`, `source_name`, `destination`, `destination_name`, `amount`, `description`, `code`, `is_approved`, `date_time`) VALUES
(10, '1856487118', '', '7364602243', '', 12000, 'Lunch money', '315135949272369', b'1', '2015-01-21 16:17:25'),
(11, '7364602243', '', '1856487118', '', 11000, 'You can keep your lunch money...', '111393584500958', b'1', '2015-01-21 20:12:51'),
(13, '4547132027', '', '7364602243', '', 15000, 'CONGRATULATIONS, YOU WON 15000 CREDITS', '255201039497392', b'0', '2015-01-21 20:28:11'),
(14, '1856487118', '', '7364602243', '', 12000, 'FREE MONEY FREE MONEY WOOHOOO', '834560629747380', b'0', '2015-01-21 20:30:23'),
(15, '7364602243', '', '1856487118', '', 5000, 'Dear Sir, please stop sending me money. I dont even know you.', '145266284545927', b'1', '2015-01-21 20:32:06'),
(16, '4547132027', '', '7325468404', '', 1337, 'Your payment for this month.', '947734754975942', b'1', '2015-01-21 20:35:29'),
(17, '4547132027', '', '7325468404', '', 1337, 'Your payment for this month.', '018959875796227', b'1', '2015-01-21 20:36:03'),
(18, '4547132027', '', '7325468404', '', 420, 'Your payment for this month.', '704050424694827', b'1', '2015-01-21 20:36:23'),
(19, '7325468404', '', '4547132027', '', 420, 'This payment is absolutely unacceptable. I WANT A RAISE... NOW.', '179055638921347', b'1', '2015-01-21 20:39:29'),
(20, '4547132027', '', '7325468404', '', 420.5, 'We have raised your pay for this month. Please confirm you are happy with this revised wage.', '396090394671206', b'1', '2015-01-21 20:42:26'),
(21, '7325468404', '', '4547132027', '', 420.5, 'Are you kidding me..', '032919551016198', b'1', '2015-01-21 20:45:48'),
(22, '4547132027', '', '7325468404', '', 1337, 'Dear Employee, a crazy person has hacked our bank account and sent out false payments to random employees. Our most sincere apologies. Here is your usual payment for this month.', '126397777952579', b'1', '2015-01-21 20:48:51'),
(23, '4547132027', '', '7364602243', '', 23000, 'YOU HAVE BEEN SELECTED AS WORKER OF THE YEAR. HAVE A BONUS', '642786685076825', b'1', '2015-01-21 20:50:00');

-- --------------------------------------------------------

--
-- Table structure for table `users`
--

DROP TABLE IF EXISTS `users`;
CREATE TABLE IF NOT EXISTS `users` (
`id` int(11) NOT NULL,
  `email` varchar(255) NOT NULL,
  `name` varchar(255) NOT NULL,
  `passwd` varchar(255) NOT NULL,
  `salt` varchar(255) NOT NULL,
  `is_employee` bit(1) NOT NULL DEFAULT b'0',
  `is_active` bit(1) NOT NULL DEFAULT b'0',
  `pw_recover_id` varchar(255) NOT NULL,
  `pin` int(11) NOT NULL,
  `use_scs` int(11) NOT NULL,
  `lock_counter` int(11) NOT NULL,
  `security_question_number` int(11) NOT NULL,
  `security_question_answer` varchar(255) NOT NULL
) ENGINE=InnoDB AUTO_INCREMENT=50 DEFAULT CHARSET=latin1;

--
-- Dumping data for table `users`
--

INSERT INTO `users` (`id`, `email`, `name`, `passwd`, `salt`, `is_employee`, `is_active`, `pw_recover_id`, `pin`, `use_scs`, `lock_counter`, `security_question_number`, `security_question_answer`) VALUES
(30, 'tattioff42+admin@gmail.com', 'Admin', '$2a$07$CpPbMbae7XcBbb7cr9SKx..xXUC36gc6TfRkTxZJRsZ.XdEfdVZS.', '', b'1', b'1', '', 731471, 0, 0, 0, ''),
(44, 'tattioff42+user3@gmail.com', 'Third User', '$2a$07$QNpLFNaTfySRctBzh5XxCOxjf3yELCliUueSelfphvkdUkzANdQTW', '', b'0', b'1', '', 598601, 0, 0, 0, ''),
(45, 'tattioff42+userSCS@gmail.com', 'SCS User', '$2a$07$lGglJBKlm8xHShpPhlbZp.NlPYExhtNP9/VJSkIZrnC3L2m7b1KnO', '', b'0', b'1', '', 900056, 1, 0, 0, ''),
(46, 'tattioff42+user4@gmail.com', 'Fourth User', '$2a$07$T3p9pEJyC5Bi2MJoLv1YquyEZCwtC1QgWNFaUOMk8nrwB9DDyBsiq', '', b'0', b'1', '', 367263, 0, 0, 0, ''),
(47, 'tattioff42+user1@gmail.com', 'First User', '$2a$07$Ozs9pyAdm24ltgwwyyvy9euaUFA5DRMlnmGorkv.DQQw47r8YvZOy', '', b'0', b'0', '', 783489, 0, 0, 0, ''),
(48, 'tattioff42+user2@gmail.com', 'Second User', '$2a$07$n6UciYPFG6ydsJFNdEyf5.TAOYxxNMxcwHU4ti8XCwFlkA4QEXkiO', '', b'0', b'0', '', 570107, 0, 0, 0, ''),
(49, 'tattioff42+user5@gmail.com', 'Fifth User', '$2a$07$ehlSiwu3yJ9cEtjFXwzpHeRng81MA1idfGARjFNhrQXetKyf68PoS', '', b'0', b'1', '', 852006, 0, 0, 0, '');

--
-- Indexes for dumped tables
--

--
-- Indexes for table `accounts`
--
ALTER TABLE `accounts`
 ADD PRIMARY KEY (`id`), ADD KEY `user_id` (`user_id`);

--
-- Indexes for table `trans_codes`
--
ALTER TABLE `trans_codes`
 ADD PRIMARY KEY (`id`), ADD KEY `account_id` (`account_id`);

--
-- Indexes for table `transactions`
--
ALTER TABLE `transactions`
 ADD PRIMARY KEY (`id`);

--
-- Indexes for table `users`
--
ALTER TABLE `users`
 ADD PRIMARY KEY (`id`);

--
-- AUTO_INCREMENT for dumped tables
--

--
-- AUTO_INCREMENT for table `accounts`
--
ALTER TABLE `accounts`
MODIFY `id` int(11) NOT NULL AUTO_INCREMENT,AUTO_INCREMENT=34;
--
-- AUTO_INCREMENT for table `trans_codes`
--
ALTER TABLE `trans_codes`
MODIFY `id` int(11) NOT NULL AUTO_INCREMENT,AUTO_INCREMENT=3001;
--
-- AUTO_INCREMENT for table `transactions`
--
ALTER TABLE `transactions`
MODIFY `id` int(11) NOT NULL AUTO_INCREMENT,AUTO_INCREMENT=24;
--
-- AUTO_INCREMENT for table `users`
--
ALTER TABLE `users`
MODIFY `id` int(11) NOT NULL AUTO_INCREMENT,AUTO_INCREMENT=50;
--
-- Constraints for dumped tables
--

--
-- Constraints for table `accounts`
--
ALTER TABLE `accounts`
ADD CONSTRAINT `accounts_ibfk_1` FOREIGN KEY (`user_id`) REFERENCES `users` (`id`) ON DELETE CASCADE;

--
-- Constraints for table `trans_codes`
--
ALTER TABLE `trans_codes`
ADD CONSTRAINT `trans_codes_ibfk_1` FOREIGN KEY (`account_id`) REFERENCES `accounts` (`id`) ON DELETE CASCADE;

/*!40101 SET CHARACTER_SET_CLIENT=@OLD_CHARACTER_SET_CLIENT */;
/*!40101 SET CHARACTER_SET_RESULTS=@OLD_CHARACTER_SET_RESULTS */;
/*!40101 SET COLLATION_CONNECTION=@OLD_COLLATION_CONNECTION */;
